ID,COUNTYFIPS,STATEFIP,YEAR,AGE,SEX2,HISPAN2,MIGRATE1,PERWT
06001,001,06,2013,31.702290076335878,0.5190839694656488,0.8931297709923665,131,13569
06001,001,06,2014,33.78616352201258,0.4968553459119497,0.8742138364779874,159,18132
09001,001,09,2013,28.3125,0.4375,0.8541666666666666,48,5514
09001,001,09,2014,31.78688524590164,0.45901639344262296,0.639344262295082,61,9017
10001,001,10,2013,22.0,1.0,1.0,1,81
10001,001,10,2014,21.5,0.5,0.5,2,260
12001,001,12,2013,25.76923076923077,0.34615384615384615,0.8461538461538461,26,3208
12001,001,12,2014,29.130434782608695,0.34782608695652173,1.0,23,1157
23001,001,23,2014,26.5,0.5,0.0,2,349
36001,001,36,2013,24.41176470588235,0.5294117647058824,1.0,17,2248
36001,001,36,2014,28.0,0.7,1.0,10,1140
37001,001,37,2013,76.0,0.5,0.0,2,1076
37001,001,37,2014,55.666666666666664,0.6666666666666666,0.3333333333333333,3,155
01003,003,01,2013,23.0,0.0,1.0,1,834
09003,003,09,2013,26.647058823529413,0.4117647058823529,1.0,17,1449
09003,003,09,2014,31.90740740740741,0.5,0.8518518518518519,54,5884
10003,003,10,2013,49.17391304347826,0.391304347826087,1.0,23,2301
10003,003,10,2014,31.0,0.5,0.9285714285714286,14,1709
18003,003,18,2013,36.0,0.0,1.0,3,330
18003,003,18,2014,19.666666666666668,0.3333333333333333,1.0,3,183
24003,003,24,2013,30.22222222222222,0.6666666666666666,1.0,9,694
24003,003,24,2014,27.5,0.5,1.0,2,216
25003,003,25,2013,21.5,1.0,1.0,2,259
25003,003,25,2014,18.88888888888889,0.1111111111111111,0.4444444444444444,9,1293
27003,003,27,2013,24.0,0.0,1.0,2,314
32003,003,32,2013,32.81944444444444,0.5277777777777778,0.7083333333333334,72,7005
32003,003,32,2014,36.61290322580645,0.5,0.6612903225806451,62,7909
34003,003,34,2013,34.111111111111114,0.5777777777777777,0.8666666666666667,45,4484
34003,003,34,2014,31.125,0.5833333333333334,0.875,24,2101
39003,003,39,2013,32.5,0.5,1.0,2,69
42003,003,42,2013,25.842105263157894,0.5,0.8157894736842105,38,3760
42003,003,42,2014,28.97142857142857,0.5142857142857142,0.9142857142857143,35,5012
44003,003,44,2013,45.5,0.5,1.0,2,209
44003,003,44,2014,32.0,1.0,1.0,1,69
04005,005,04,2013,33.5,1.0,1.0,2,154
04005,005,04,2014,22.0,0.5,1.0,2,82
09005,005,09,2013,70.0,0.5,1.0,2,80
09005,005,09,2014,49.0,0.5,1.0,2,142
10005,005,10,2013,24.0,0.0,1.0,1,68
10005,005,10,2014,21.0,0.5,0.5,2,174
22005,005,22,2013,48.0,0.0,1.0,1,146
24005,005,24,2013,33.625,0.625,0.9166666666666666,24,3308
24005,005,24,2014,29.615384615384617,0.6153846153846154,0.8076923076923077,26,4159
26005,005,26,2014,64.0,0.0,1.0,1,41
34005,005,34,2013,42.27272727272727,0.2727272727272727,1.0,11,1129
34005,005,34,2014,36.857142857142854,0.7142857142857143,1.0,7,337
36005,005,36,2013,32.25423728813559,0.5254237288135594,0.6610169491525424,59,9866
36005,005,36,2014,28.79591836734694,0.4897959183673469,0.5714285714285714,49,5848
41005,005,41,2013,30.0,0.8,1.0,5,420
05007,007,05,2013,24.583333333333332,0.3333333333333333,0.75,12,1666
05007,007,05,2014,41.0,0.5,0.9166666666666666,12,1911
06007,007,06,2013,18.666666666666668,0.3333333333333333,1.0,3,192
06007,007,06,2014,89.0,1.0,0.0,1,119
09007,007,09,2013,24.75,0.25,0.5,8,790
09007,007,09,2014,18.0,1.0,1.0,2,151
34007,007,34,2013,35.57142857142857,0.7142857142857143,1.0,7,1189
34007,007,34,2014,28.625,0.125,0.5,8,1314
44007,007,44,2013,27.266666666666666,0.6333333333333333,0.8333333333333334,30,4149
44007,007,44,2014,33.65625,0.65625,0.9375,32,3751
45007,007,45,2013,16.333333333333332,1.0,0.3333333333333333,3,554
09009,009,09,2013,29.86111111111111,0.4722222222222222,0.7777777777777778,36,3594
09009,009,09,2014,28.846153846153847,0.5641025641025641,1.0,39,5274
12009,009,12,2013,31.615384615384617,0.46153846153846156,0.7692307692307693,13,1681
12009,009,12,2014,37.04761904761905,0.38095238095238093,0.9047619047619048,21,2032
44009,009,44,2013,50.0,1.0,1.0,1,176
44009,009,44,2014,15.0,0.0,0.0,1,128
55009,009,55,2013,23.0,0.0,1.0,3,190
55009,009,55,2014,21.4,0.4,1.0,5,1361
11010,010,11,2013,25.181818181818183,0.5909090909090909,0.9545454545454546,44,4337
11010,010,11,2014,27.962962962962962,0.5555555555555556,0.8518518518518519,54,6503
09011,011,09,2013,33.4,0.3,0.8,10,691
09011,011,09,2014,47.25,0.25,1.0,4,501
12011,011,12,2013,43.710344827586205,0.5586206896551724,0.6206896551724138,145,18325
12011,011,12,2014,40.625,0.54375,0.6375,160,20093
23011,011,23,2013,18.0,0.0,1.0,1,109
23011,011,23,2014,19.5,1.0,1.0,2,258
42011,011,42,2013,17.666666666666668,0.3333333333333333,0.3333333333333333,6,610
42011,011,42,2014,45.5,0.0,1.0,2,171
49011,011,49,2013,26.333333333333332,0.3333333333333333,0.3333333333333333,3,919
53011,011,53,2013,44.0,0.75,0.75,4,833
53011,011,53,2014,29.625,0.375,1.0,8,952
04013,013,04,2013,37.298780487804876,0.3780487804878049,0.7195121951219512,164,16248
04013,013,04,2014,35.507462686567166,0.4577114427860697,0.7263681592039801,201,20781
06013,013,06,2013,37.84313725490196,0.5490196078431373,0.9215686274509803,51,5584
06013,013,06,2014,31.181818181818183,0.38961038961038963,0.8961038961038961,77,8584
09013,013,09,2013,40.333333333333336,0.16666666666666666,1.0,6,634
09013,013,09,2014,23.428571428571427,0.42857142857142855,1.0,7,558
19013,013,19,2013,20.625,0.375,1.0,8,2189
24013,013,24,2013,17.0,0.0,0.0,1,198
34013,013,34,2013,26.818181818181817,0.48484848484848486,0.5454545454545454,33,2537
34013,013,34,2014,37.55555555555556,0.5277777777777778,0.6944444444444444,36,4436
35013,013,35,2013,23.666666666666668,0.5833333333333334,0.16666666666666666,12,2709
35013,013,35,2014,29.6,0.4,0.2,5,425
36013,013,36,2013,31.0,0.5,1.0,6,229
36013,013,36,2014,24.0,0.0,1.0,2,106
51013,013,51,2013,28.142857142857142,0.42857142857142855,0.7857142857142857,14,1651
51013,013,51,2014,26.894736842105264,0.5,0.9473684210526315,38,3537
01015,015,01,2013,23.0,0.6666666666666666,0.6666666666666666,3,613
09015,015,09,2013,30.0,0.0,0.0,1,17
09015,015,09,2014,78.0,0.5,0.0,2,68
12015,015,12,2013,58.0,1.0,1.0,1,63
12015,015,12,2014,23.25,0.375,0.875,8,1193
21015,015,21,2013,19.625,0.375,1.0,8,965
21015,015,21,2014,25.0,0.6666666666666666,1.0,3,1155
24015,015,24,2013,24.0,1.0,1.0,1,139
24015,015,24,2014,54.0,0.5,1.0,2,346
34015,015,34,2013,64.5,0.5,1.0,2,353
34015,015,34,2014,29.0,0.0,0.0,1,76
06017,017,06,2013,21.0,1.0,1.0,1,212
06017,017,06,2014,36.0,0.4444444444444444,0.8888888888888888,9,684
22017,017,22,2013,40.5,1.0,1.0,2,357
34017,017,34,2013,31.25,0.5,0.7894736842105263,76,8614
34017,017,34,2014,29.72972972972973,0.44594594594594594,0.7432432432432432,74,6891
38017,017,38,2013,37.8,0.6,1.0,5,656
38017,017,38,2014,50.666666666666664,0.6666666666666666,1.0,3,292
39017,017,39,2013,19.5,0.3333333333333333,1.0,6,588
39017,017,39,2014,21.0,0.4,0.9,10,700
40017,017,40,2013,25.0,0.0,0.0,1,159
41017,017,41,2013,73.0,1.0,1.0,1,122
41017,017,41,2014,78.0,1.0,0.0,1,354
42017,017,42,2013,25.071428571428573,0.6428571428571429,0.8571428571428571,14,3124
42017,017,42,2014,28.0,0.8333333333333334,1.0,6,967
04019,019,04,2013,31.296296296296298,0.48148148148148145,0.5185185185185185,54,6064
04019,019,04,2014,34.38636363636363,0.4318181818181818,0.7045454545454546,44,4928
06019,019,06,2013,36.38095238095238,0.42857142857142855,0.5238095238095238,21,2333
06019,019,06,2014,34.973684210526315,0.5526315789473685,0.5263157894736842,38,6181
12019,019,12,2014,37.0,0.5,0.5,2,434
16019,019,16,2013,16.0,0.5,0.0,2,337
16019,019,16,2014,17.0,0.5,1.0,2,286
17019,019,17,2013,28.791666666666668,0.4166666666666667,1.0,24,2381
17019,019,17,2014,22.838709677419356,0.41935483870967744,0.967741935483871,31,2538
23019,019,23,2013,85.0,0.0,1.0,3,84
29019,019,29,2013,21.0,0.6666666666666666,1.0,3,309
29019,019,29,2014,31.4,1.0,1.0,5,682
41019,019,41,2013,25.0,1.0,1.0,2,246
42019,019,42,2013,21.5,0.5,1.0,2,159
42019,019,42,2014,15.5,0.0,0.5,2,94
12021,021,12,2013,52.35294117647059,0.47058823529411764,0.7647058823529411,17,2088
12021,021,12,2014,43.38709677419355,0.5483870967741935,0.45161290322580644,31,6522
13021,021,13,2013,22.666666666666668,1.0,0.6666666666666666,3,223
13021,021,13,2014,45.666666666666664,0.3333333333333333,1.0,3,523
24021,021,24,2013,33.6,0.6,0.8,5,290
24021,021,24,2014,39.8,0.8,0.8,5,358
26021,021,26,2013,29.5,0.25,0.75,4,246
26021,021,26,2014,26.333333333333332,0.16666666666666666,1.0,6,1128
34021,021,34,2013,28.258064516129032,0.5483870967741935,0.967741935483871,31,3320
34021,021,34,2014,24.5,0.4,0.8,20,2583
34023,023,34,2013,34.09375,0.59375,0.796875,64,6918
34023,023,34,2014,34.71875,0.578125,0.90625,64,7430
39023,023,39,2013,27.0,0.0,0.0,1,372
04025,025,04,2013,28.0,0.25,0.25,4,467
04025,025,04,2014,47.0,0.0,0.0,1,9
06025,025,06,2013,31.476190476190474,0.14285714285714285,0.0,21,1062
06025,025,06,2014,32.333333333333336,0.26666666666666666,0.06666666666666667,15,1185
25025,025,25,2013,26.63888888888889,0.46296296296296297,0.8518518518518519,108,10861
25025,025,25,2014,27.333333333333332,0.5634920634920635,0.7380952380952381,126,12272
34025,025,34,2013,26.333333333333332,0.6666666666666666,0.7777777777777778,9,1158
34025,025,34,2014,27.77777777777778,0.3333333333333333,0.5555555555555556,9,1159
55025,025,55,2013,26.235294117647058,0.35294117647058826,0.6470588235294118,17,2288
55025,025,55,2014,25.875,0.625,1.0,8,1222
04027,027,04,2013,46.22727272727273,0.3181818181818182,0.5,22,1331
04027,027,04,2014,46.095238095238095,0.2857142857142857,0.47619047619047616,21,2118
24027,027,24,2013,37.916666666666664,0.4166666666666667,0.9166666666666666,12,1122
24027,027,24,2014,42.583333333333336,0.6666666666666666,0.9166666666666666,12,1582
34027,027,34,2013,22.210526315789473,0.5263157894736842,0.7368421052631579,19,1480
34027,027,34,2014,30.75,0.65,0.6,20,2653
36027,027,36,2013,4.5,1.0,1.0,2,221
36027,027,36,2014,17.571428571428573,0.14285714285714285,1.0,7,575
40027,027,40,2013,23.636363636363637,0.36363636363636365,1.0,11,1450
40027,027,40,2014,18.571428571428573,0.5,0.8571428571428571,14,1591
42027,027,42,2013,23.363636363636363,0.2727272727272727,1.0,11,1598
42027,027,42,2014,26.076923076923077,0.6153846153846154,0.9230769230769231,13,3815
48027,027,48,2013,3.0,1.0,1.0,1,188
48027,027,48,2014,28.142857142857142,0.42857142857142855,0.2857142857142857,7,559
06029,029,06,2013,32.8,0.38181818181818183,0.4,55,4330
06029,029,06,2014,42.625,0.4375,0.1875,16,2125
34029,029,34,2013,38.5,0.5,0.5,2,426
34029,029,34,2014,26.0,0.16666666666666666,0.6666666666666666,6,942
36029,029,36,2013,24.069767441860463,0.37209302325581395,0.9767441860465116,43,4782
36029,029,36,2014,23.424242424242426,0.5757575757575758,0.9696969696969697,33,3976
41029,029,41,2013,19.0,0.0,0.0,1,312
41029,029,41,2014,1.0,0.0,1.0,1,187
42029,029,42,2013,36.25,0.55,1.0,20,3832
42029,029,42,2014,30.133333333333333,0.4666666666666667,0.3333333333333333,15,3435
48029,029,48,2013,27.209302325581394,0.32558139534883723,0.6744186046511628,86,9538
48029,029,48,2014,28.9811320754717,0.4339622641509434,0.6226415094339622,53,7088
06031,031,06,2013,33.888888888888886,0.2222222222222222,0.4444444444444444,9,1977
06031,031,06,2014,30.0,0.375,0.125,8,1077
12031,031,12,2013,36.54545454545455,0.45454545454545453,1.0,11,1352
12031,031,12,2014,32.05,0.5,0.85,20,2386
17031,031,17,2013,29.84331797235023,0.5161290322580645,0.8525345622119815,217,30672
17031,031,17,2014,32.73170731707317,0.45365853658536587,0.7951219512195122,205,25561
24031,031,24,2013,30.710280373831775,0.5794392523364486,0.7850467289719626,107,13929
24031,031,24,2014,35.575221238938056,0.504424778761062,0.8849557522123894,113,14670
32031,031,32,2013,46.90909090909091,0.5454545454545454,0.7272727272727273,11,1637
32031,031,32,2014,23.058823529411764,0.5294117647058824,0.8235294117647058,17,1161
34031,031,34,2013,17.615384615384617,0.6923076923076923,0.23076923076923078,13,1243
34031,031,34,2014,34.07142857142857,0.42857142857142855,0.5714285714285714,14,1596
12033,033,12,2013,25.0,0.6,1.0,5,531
12033,033,12,2014,26.166666666666668,0.0,1.0,6,333
22033,033,22,2013,27.25,0.5,0.9166666666666666,12,1330
22033,033,22,2014,30.5,0.6,0.4,10,1656
24033,033,24,2013,30.65625,0.46875,0.71875,32,3685
24033,033,24,2014,29.559322033898304,0.559322033898305,0.7796610169491526,59,6987
28033,033,28,2013,58.5,0.5,1.0,2,374
53033,033,53,2013,30.755395683453237,0.5755395683453237,0.9136690647482014,139,16706
53033,033,53,2014,31.33888888888889,0.5444444444444444,0.95,180,24883
34035,035,34,2013,44.2,0.5,1.0,10,875
34035,035,34,2014,42.5,0.7857142857142857,1.0,14,1811
39035,035,39,2013,37.08,0.48,0.72,25,2552
39035,035,39,2014,30.625,0.375,0.96875,32,4137
49035,035,49,2013,32.095238095238095,0.3333333333333333,0.9047619047619048,21,3275
49035,035,49,2014,27.853658536585368,0.4634146341463415,0.8780487804878049,41,5371
53035,035,53,2013,36.0,1.0,1.0,2,182
53035,035,53,2014,20.0,1.0,1.0,2,568
06037,037,06,2013,33.180392156862744,0.5764705882352941,0.7725490196078432,510,51070
06037,037,06,2014,32.646034816247585,0.5319148936170213,0.758220502901354,517,53022
17037,037,17,2013,17.0,0.0,1.0,1,70
17037,037,17,2014,26.833333333333332,0.16666666666666666,1.0,6,1567
27037,037,27,2013,32.45454545454545,0.7272727272727273,0.45454545454545453,11,1658
27037,037,27,2014,39.22222222222222,0.3333333333333333,0.7777777777777778,9,2091
34037,037,34,2013,30.0,1.0,1.0,1,58
47037,037,47,2013,26.928571428571427,0.5476190476190477,0.8809523809523809,42,7474
47037,037,47,2014,26.85185185185185,0.5555555555555556,0.7407407407407407,27,2953
06039,039,06,2013,34.2,0.6,0.6,5,326
06039,039,06,2014,20.0,0.0,0.0,2,256
18039,039,18,2013,18.0,1.0,1.0,1,178
18039,039,18,2014,23.0,0.75,1.0,4,322
34039,039,34,2013,36.27777777777778,0.7222222222222222,0.6111111111111112,18,2129
34039,039,34,2014,35.411764705882355,0.6470588235294118,0.4117647058823529,17,2903
41039,039,41,2013,26.0,0.5,1.0,2,502
41039,039,41,2014,31.0,0.5,1.0,4,372
48039,039,48,2013,28.4,0.6,0.6,5,766
06041,041,06,2013,31.857142857142858,0.42857142857142855,0.5714285714285714,7,610
06041,041,06,2014,28.88888888888889,0.4444444444444444,0.7777777777777778,9,1510
34041,041,34,2014,30.333333333333332,0.8333333333333334,0.0,6,362
39041,041,39,2013,27.5,0.75,1.0,4,396
39041,041,39,2014,34.0,1.0,1.0,1,121
48041,041,48,2013,26.95,0.25,0.9,20,1819
48041,041,48,2014,24.03448275862069,0.3793103448275862,0.9655172413793104,29,2978
51041,041,51,2013,17.0,0.0,0.0,1,86
51041,041,51,2014,54.44444444444444,0.5555555555555556,1.0,9,1196
17043,043,17,2013,32.05263157894737,0.5263157894736842,1.0,38,4579
17043,043,17,2014,33.36842105263158,0.5789473684210527,0.868421052631579,38,5014
24043,043,24,2013,26.5,0.5,1.0,2,131
24043,043,24,2014,41.5,0.0,0.5,2,115
35043,043,35,2013,43.0,1.0,1.0,1,92
42043,043,42,2013,22.4375,0.6875,0.8125,16,1781
42043,043,42,2014,18.625,0.625,0.9375,16,2497
13045,045,13,2013,17.0,1.0,1.0,1,65
20045,045,20,2013,22.0625,0.25,0.9375,16,1216
20045,045,20,2014,32.375,0.375,1.0,8,1733
39045,045,39,2013,71.0,1.0,1.0,1,361
42045,045,42,2013,28.434782608695652,0.34782608695652173,0.9130434782608695,23,2562
42045,045,42,2014,30.571428571428573,0.5,1.0,14,1340
06047,047,06,2013,40.333333333333336,0.0,0.6666666666666666,3,367
06047,047,06,2014,17.333333333333332,0.3333333333333333,0.3333333333333333,3,205
28047,047,28,2014,34.0,0.5,1.0,2,98
36047,047,36,2013,33.75,0.4921875,0.75,128,15300
36047,047,36,2014,28.063953488372093,0.6104651162790697,0.8255813953488372,172,20291
41047,047,41,2013,20.142857142857142,0.5714285714285714,1.0,7,332
41047,047,41,2014,16.333333333333332,0.6666666666666666,0.16666666666666666,6,1114
35049,049,35,2013,29.0,1.0,0.6666666666666666,3,607
35049,049,35,2014,23.5,1.0,0.5,2,259
37049,049,37,2013,33.5,0.5,0.0,2,619
37049,049,37,2014,49.0,0.0,0.0,1,30
39049,049,39,2013,26.444444444444443,0.4888888888888889,0.9111111111111111,45,6013
39049,049,39,2014,30.394736842105264,0.4473684210526316,0.8421052631578947,38,6570
42049,049,42,2013,24.4,1.0,1.0,5,209
42049,049,42,2014,18.25,0.25,1.0,4,305
49049,049,49,2013,26.27777777777778,0.6666666666666666,0.6111111111111112,18,1217
49049,049,49,2014,21.692307692307693,0.3076923076923077,0.7692307692307693,13,1484
13051,051,13,2013,29.235294117647058,0.8235294117647058,0.6470588235294118,17,1357
13051,051,13,2014,24.375,0.625,0.5,8,549
37051,051,37,2013,32.0,0.6363636363636364,0.7272727272727273,11,1602
37051,051,37,2014,33.8,0.85,0.85,20,1586
41051,051,41,2013,28.466666666666665,0.43333333333333335,0.7666666666666667,30,4034
41051,051,41,2014,27.65714285714286,0.4857142857142857,0.9428571428571428,35,4901
45051,051,45,2014,58.07692307692308,0.46153846153846156,0.5384615384615384,13,1898
12053,053,12,2013,77.0,1.0,1.0,1,45
12053,053,12,2014,48.0,0.3333333333333333,1.0,6,424
27053,053,27,2013,22.1,0.5,0.85,40,8817
27053,053,27,2014,23.54054054054054,0.5675675675675675,0.7837837837837838,37,8519
53053,053,53,2013,23.923076923076923,0.6153846153846154,0.7692307692307693,13,1363
53053,053,53,2014,40.2,0.7,0.9,10,1401
06055,055,06,2013,58.75,0.75,0.75,4,347
06055,055,06,2014,36.0,0.0,1.0,1,97
22055,055,22,2013,23.9,0.4,0.3,10,1337
22055,055,22,2014,32.666666666666664,0.3333333333333333,1.0,3,254
31055,055,31,2013,27.7,0.5,1.0,10,1582
31055,055,31,2014,29.4,0.5333333333333333,0.8666666666666667,15,2647
36055,055,36,2013,36.04347826086956,0.6086956521739131,1.0,23,3182
36055,055,36,2014,24.807692307692307,0.5769230769230769,0.8076923076923077,26,2360
12057,057,12,2013,32.93846153846154,0.5076923076923077,0.6923076923076923,65,6686
12057,057,12,2014,29.78688524590164,0.5409836065573771,0.7213114754098361,61,7041
13057,057,13,2013,25.0,1.0,1.0,1,219
13057,057,13,2014,63.0,0.0,1.0,1,284
39057,057,39,2013,26.444444444444443,0.8888888888888888,1.0,9,1049
39057,057,39,2014,21.857142857142858,0.5714285714285714,1.0,7,303
49057,057,49,2013,37.25,0.25,1.0,4,307
49057,057,49,2014,51.666666666666664,0.6666666666666666,0.3333333333333333,3,332
06059,059,06,2013,32.580357142857146,0.6071428571428571,0.8392857142857143,112,13801
06059,059,06,2014,31.873015873015873,0.49206349206349204,0.8650793650793651,126,16521
13059,059,13,2013,33.09090909090909,0.6363636363636364,1.0,11,1049
13059,059,13,2014,28.8,0.4,1.0,5,490
28059,059,28,2013,17.666666666666668,1.0,1.0,3,381
28059,059,28,2014,30.0,1.0,1.0,1,181
36059,059,36,2013,32.955555555555556,0.5777777777777777,0.8888888888888888,45,4784
36059,059,36,2014,32.11363636363637,0.4772727272727273,0.9090909090909091,44,4108
55059,059,55,2013,31.5,0.0,1.0,2,223
06061,061,06,2013,51.0,0.0,1.0,3,531
06061,061,06,2014,26.571428571428573,0.42857142857142855,0.7142857142857143,7,691
12061,061,12,2013,39.25,0.0,0.5,4,601
12061,061,12,2014,75.0,0.5,0.0,2,398
36061,061,36,2013,28.893617021276597,0.524822695035461,0.8723404255319149,141,19697
36061,061,36,2014,32.563380281690144,0.5352112676056338,0.8943661971830986,142,24427
39061,061,39,2013,26.61111111111111,0.5,1.0,18,1981
39061,061,39,2014,26.633333333333333,0.5333333333333333,1.0,30,3421
48061,061,48,2013,42.2,0.45,0.2,20,2369
48061,061,48,2014,31.64516129032258,0.2903225806451613,0.22580645161290322,31,1910
53061,061,53,2013,26.11111111111111,0.6666666666666666,1.0,9,1001
53061,061,53,2014,45.84615384615385,0.6153846153846154,0.9230769230769231,13,2177
13063,063,13,2013,30.5,0.0,1.0,2,352
13063,063,13,2014,29.25,0.4166666666666667,0.5833333333333334,12,1224
18063,063,18,2013,2.0,1.0,1.0,1,127
18063,063,18,2014,3.0,1.0,1.0,1,32
36063,063,36,2013,21.0,0.0,1.0,2,86
36063,063,36,2014,65.0,0.0,1.0,1,72
37063,063,37,2013,27.0,0.4230769230769231,0.6923076923076923,26,2858
37063,063,37,2014,27.272727272727273,0.5,0.8636363636363636,22,2737
53063,063,53,2013,21.0,0.0,1.0,3,220
53063,063,53,2014,30.0,1.0,1.0,2,142
55063,063,55,2013,28.0,0.3333333333333333,0.6666666666666666,3,76
06065,065,06,2013,42.24,0.6133333333333333,0.6666666666666666,75,6923
06065,065,06,2014,41.566265060240966,0.5542168674698795,0.6746987951807228,83,9082
26065,065,26,2013,25.676470588235293,0.5588235294117647,0.9411764705882353,34,2789
26065,065,26,2014,22.37142857142857,0.4,0.9428571428571428,35,2754
47065,065,47,2013,29.166666666666668,0.3333333333333333,0.3333333333333333,6,698
47065,065,47,2014,23.0,1.0,1.0,2,132
06067,067,06,2013,41.77777777777778,0.5925925925925926,0.8148148148148148,27,3020
06067,067,06,2014,36.23809523809524,0.4523809523809524,0.9761904761904762,42,4487
13067,067,13,2013,27.142857142857142,0.7142857142857143,0.9047619047619048,21,3441
13067,067,13,2014,23.391304347826086,0.43478260869565216,0.8260869565217391,23,3588
21067,067,21,2013,27.583333333333332,0.5833333333333334,1.0,12,2731
21067,067,21,2014,25.0625,0.4375,0.9375,16,1782
37067,067,37,2013,28.285714285714285,0.7142857142857143,1.0,14,1343
37067,067,37,2014,41.6,0.8,0.4,5,332
41067,067,41,2013,39.1,0.5,1.0,10,2102
41067,067,41,2014,35.43478260869565,0.6086956521739131,0.8260869565217391,23,2547
53067,067,53,2013,25.0,0.6666666666666666,0.5,6,658
53067,067,53,2014,33.5,0.625,1.0,8,808
08069,069,08,2013,27.75,0.5,0.9375,16,1687
08069,069,08,2014,21.785714285714285,0.5,1.0,14,1146
06071,071,06,2013,38.73913043478261,0.5652173913043478,0.6304347826086957,46,6800
06071,071,06,2014,32.320754716981135,0.3584905660377358,0.5849056603773585,53,4737
12071,071,12,2013,52.97674418604651,0.6046511627906976,0.7209302325581395,43,4623
12071,071,12,2014,52.69047619047619,0.47619047619047616,0.7857142857142857,42,4440
22071,071,22,2013,25.0,0.3888888888888889,0.5,18,1529
22071,071,22,2014,26.27777777777778,0.3333333333333333,0.8333333333333334,18,1427
36071,071,36,2013,28.0,0.0,1.0,2,131
36071,071,36,2014,26.25,0.75,1.0,4,292
42071,071,42,2013,39.25,0.5,0.875,8,787
42071,071,42,2014,32.166666666666664,0.3333333333333333,0.6666666666666666,6,881
01073,073,01,2013,33.714285714285715,0.2857142857142857,0.7142857142857143,7,1036
01073,073,01,2014,32.0,0.4,1.0,5,925
06073,073,06,2013,30.174496644295303,0.5503355704697986,0.785234899328859,149,18684
06073,073,06,2014,33.59701492537314,0.5447761194029851,0.7985074626865671,134,16374
12073,073,12,2013,31.8,0.6,1.0,5,261
12073,073,12,2014,40.86666666666667,0.5333333333333333,0.9333333333333333,15,1491
13073,073,13,2013,37.0,0.0,1.0,1,102
13073,073,13,2014,40.6,0.6,1.0,5,933
53073,073,53,2013,37.5,0.0,1.0,2,150
53073,073,53,2014,39.833333333333336,0.3333333333333333,1.0,6,671
55073,073,55,2013,17.0,0.0,1.0,1,287
55073,073,55,2014,19.0,0.0,1.0,1,76
06075,075,06,2013,27.593023255813954,0.5,0.9302325581395349,86,10279
06075,075,06,2014,31.545454545454547,0.5194805194805194,0.948051948051948,77,8801
36075,075,36,2013,20.5,0.5,1.0,2,122
42075,075,42,2013,28.5,1.0,0.0,2,40
06077,077,06,2013,36.785714285714285,0.5714285714285714,1.0,14,1929
06077,077,06,2014,37.0,0.3,0.4,10,612
13077,077,13,2013,20.714285714285715,0.7142857142857143,0.8571428571428571,7,486
13077,077,13,2014,66.0,0.0,1.0,1,243
26077,077,26,2013,36.57142857142857,0.14285714285714285,0.7142857142857143,7,512
26077,077,26,2014,19.166666666666668,0.8333333333333334,0.8333333333333334,6,1598
53077,077,53,2013,32.0,0.0,0.0,1,121
53077,077,53,2014,27.5,0.0,0.5,2,280
06079,079,06,2013,18.0,0.5,0.5,2,246
06079,079,06,2014,23.25,1.0,0.5,4,825
55079,079,55,2013,25.846153846153847,0.3076923076923077,1.0,13,3508
55079,079,55,2014,28.733333333333334,0.6,0.9333333333333333,15,1443
01081,081,01,2013,26.0,0.75,1.0,4,402
01081,081,01,2014,27.0,0.5,1.0,2,700
06081,081,06,2013,31.375,0.5535714285714286,0.8571428571428571,56,5878
06081,081,06,2014,28.89090909090909,0.509090909090909,0.8363636363636363,55,6692
12081,081,12,2013,48.05263157894737,0.5789473684210527,0.7894736842105263,19,1882
12081,081,12,2014,43.69565217391305,0.5217391304347826,0.9130434782608695,23,2086
18081,081,18,2013,55.0,1.0,1.0,1,479
26081,081,26,2013,34.42857142857143,0.5714285714285714,0.5714285714285714,7,1166
26081,081,26,2014,27.0,0.5384615384615384,0.7692307692307693,13,2833
36081,081,36,2013,32.84375,0.484375,0.859375,128,15268
36081,081,36,2014,31.73446327683616,0.5141242937853108,0.8135593220338984,177,24356
37081,081,37,2013,33.9,0.4,0.8,10,1251
37081,081,37,2014,27.055555555555557,0.4444444444444444,0.9444444444444444,18,2787
06083,083,06,2013,25.29032258064516,0.3870967741935484,0.6129032258064516,31,4586
06083,083,06,2014,28.166666666666668,0.2222222222222222,0.8333333333333334,18,2367
12083,083,12,2013,34.0,0.0,0.0,1,7
12083,083,12,2014,31.0,1.0,0.6666666666666666,3,601
36083,083,36,2013,30.625,0.25,1.0,8,671
36083,083,36,2014,64.0,1.0,0.0,1,106
45083,083,45,2013,27.0,0.6,0.8,5,804
45083,083,45,2014,38.0,0.4,0.6,5,346
06085,085,06,2013,35.84362139917695,0.5020576131687243,0.9547325102880658,243,24672
06085,085,06,2014,32.452674897119344,0.4897119341563786,0.9259259259259259,243,26829
12085,085,12,2014,48.75,0.5,0.75,4,351
36085,085,36,2013,21.727272727272727,0.18181818181818182,0.9090909090909091,11,1009
36085,085,36,2014,56.0,1.0,0.75,4,326
37085,085,37,2013,32.666666666666664,0.3333333333333333,0.6666666666666666,3,171
37085,085,37,2014,28.0,0.0,0.0,1,6
42085,085,42,2013,17.0,0.0,0.0,1,40
48085,085,48,2013,38.42622950819672,0.5409836065573771,0.9836065573770492,61,5312
48085,085,48,2014,37.1764705882353,0.47058823529411764,0.8823529411764706,51,5781
06087,087,06,2013,21.555555555555557,0.3333333333333333,0.8888888888888888,9,521
06087,087,06,2014,37.57142857142857,0.2857142857142857,0.7142857142857143,7,991
36087,087,36,2013,44.5,0.6666666666666666,0.8333333333333334,6,852
36087,087,36,2014,29.6,0.4,0.6,5,892
51087,087,51,2013,13.5,1.0,1.0,2,401
51087,087,51,2014,28.818181818181817,0.7272727272727273,0.9090909090909091,11,1246
55087,087,55,2013,16.0,0.0,1.0,1,90
55087,087,55,2014,18.25,0.5,1.0,8,852
06089,089,06,2013,28.76923076923077,0.46153846153846156,0.9230769230769231,13,1054
06089,089,06,2014,27.0,1.0,1.0,1,117
17089,089,17,2013,39.07692307692308,0.6923076923076923,0.9230769230769231,13,1254
17089,089,17,2014,20.4,0.8,0.6,5,704
18089,089,18,2013,35.833333333333336,0.8333333333333334,0.8333333333333334,6,831
18089,089,18,2014,33.25,0.5,0.75,4,234
36089,089,36,2014,23.0,1.0,1.0,1,66
39089,089,39,2013,19.0,0.0,1.0,1,5
39089,089,39,2014,20.333333333333332,0.3333333333333333,1.0,9,969
42089,089,42,2013,29.0,1.0,1.0,1,272
12091,091,12,2014,43.333333333333336,0.3333333333333333,1.0,3,324
17091,091,17,2013,21.0,1.0,1.0,1,37
18091,091,18,2014,23.0,1.0,1.0,1,137
20091,091,20,2013,41.166666666666664,0.8333333333333334,1.0,6,884
20091,091,20,2014,26.0,0.42857142857142855,0.8571428571428571,14,2227
36091,091,36,2013,31.571428571428573,0.42857142857142855,1.0,7,864
36091,091,36,2014,19.25,0.75,1.0,4,385
42091,091,42,2013,24.333333333333332,0.7083333333333334,0.9583333333333334,24,4315
42091,091,42,2014,31.666666666666668,0.6333333333333333,0.9,30,3448
45091,091,45,2013,54.0,0.6666666666666666,1.0,3,205
45091,091,45,2014,25.0,0.3333333333333333,1.0,3,216
48091,091,48,2013,28.5,0.5,0.0,2,353
48091,091,48,2014,45.0,0.0,0.5,2,207
26093,093,26,2013,28.0,0.5,1.0,2,201
36093,093,36,2013,19.0,1.0,1.0,2,115
36093,093,36,2014,73.0,1.0,1.0,1,341
39093,093,39,2013,21.4,1.0,1.0,5,359
39093,093,39,2014,17.4,1.0,1.0,5,276
06095,095,06,2013,35.375,0.375,0.75,8,1128
06095,095,06,2014,34.411764705882355,0.5882352941176471,0.7647058823529411,17,1899
12095,095,12,2013,30.06896551724138,0.603448275862069,0.7241379310344828,58,7992
12095,095,12,2014,33.11940298507463,0.5074626865671642,0.6417910447761194,67,11030
29095,095,29,2013,17.666666666666668,0.6666666666666666,0.5,6,757
29095,095,29,2014,35.84615384615385,0.38461538461538464,0.9230769230769231,13,1391
01097,097,01,2013,24.0,0.75,0.25,4,671
01097,097,01,2014,45.0,0.5,0.75,4,616
06097,097,06,2013,36.27272727272727,0.5454545454545454,0.9090909090909091,11,1161
06097,097,06,2014,31.25,0.75,0.5,4,524
12097,097,12,2013,50.4,0.5,0.3,10,773
12097,097,12,2014,40.875,0.625,0.875,8,813
13097,097,13,2013,35.0,1.0,1.0,1,192
17097,097,17,2013,39.64705882352941,0.5882352941176471,0.9411764705882353,17,2061
17097,097,17,2014,32.666666666666664,0.6333333333333333,0.7666666666666667,30,3340
18097,097,18,2013,31.88888888888889,0.4444444444444444,0.7222222222222222,18,3445
18097,097,18,2014,31.85,0.45,0.75,20,2615
06099,099,06,2013,50.75,0.75,0.875,8,1746
06099,099,06,2014,35.76923076923077,0.46153846153846156,0.46153846153846156,13,1961
12099,099,12,2013,40.93617021276596,0.48936170212765956,0.6276595744680851,94,8353
12099,099,12,2014,44.50574712643678,0.5172413793103449,0.7471264367816092,87,9729
26099,099,26,2013,31.32,0.36,1.0,25,7262
26099,099,26,2014,31.733333333333334,0.3333333333333333,1.0,15,2549
29099,099,29,2014,15.0,0.0,1.0,1,246
12101,101,12,2013,55.888888888888886,0.3333333333333333,0.7777777777777778,9,572
12101,101,12,2014,42.94117647058823,0.6470588235294118,0.8823529411764706,17,933
37101,101,37,2014,34.0,1.0,0.0,1,89
42101,101,42,2013,34.25806451612903,0.5161290322580645,0.9354838709677419,31,3868
42101,101,42,2014,31.195652173913043,0.45652173913043476,0.8478260869565217,46,8837
55101,101,55,2013,64.0,1.0,1.0,1,265
12103,103,12,2013,49.96666666666667,0.5333333333333333,0.8,30,1691
12103,103,12,2014,47.89655172413793,0.5517241379310345,0.9655172413793104,29,2010
19103,103,19,2013,21.0,0.8571428571428571,1.0,7,869
19103,103,19,2014,23.727272727272727,0.36363636363636365,1.0,11,3333
36103,103,36,2013,33.73809523809524,0.5714285714285714,0.6666666666666666,42,4441
36103,103,36,2014,29.84375,0.375,0.8125,32,3127
39103,103,39,2013,17.0,1.0,1.0,1,78
39103,103,39,2014,23.5,1.0,1.0,2,137
12105,105,12,2013,47.333333333333336,0.5416666666666666,0.7083333333333334,24,3081
12105,105,12,2014,47.08695652173913,0.4782608695652174,0.6521739130434783,23,1925
18105,105,18,2013,24.4,0.3,1.0,10,1022
18105,105,18,2014,26.533333333333335,0.4,0.9,30,3998
55105,105,55,2013,19.0,0.4,0.8,5,152
06107,107,06,2013,23.0,0.5,0.0,2,50
06107,107,06,2014,36.88235294117647,0.5882352941176471,0.058823529411764705,17,1691
42107,107,42,2013,49.0,0.0,0.0,2,168
42107,107,42,2014,16.0,1.0,0.0,1,22
51107,107,51,2013,51.35294117647059,0.5882352941176471,1.0,17,2680
51107,107,51,2014,39.138888888888886,0.6111111111111112,0.9722222222222222,36,3986
27109,109,27,2013,28.2,0.4,0.6,5,715
27109,109,27,2014,27.0,0.5,1.0,6,1397
31109,109,31,2013,33.4375,0.5,1.0,16,1496
31109,109,31,2014,29.454545454545453,0.6363636363636364,0.9090909090909091,11,1266
36109,109,36,2013,26.263157894736842,0.42105263157894735,1.0,19,2544
36109,109,36,2014,26.583333333333332,0.3333333333333333,0.8333333333333334,12,1442
39109,109,39,2013,35.0,0.0,1.0,1,105
39109,109,39,2014,19.5,0.75,1.0,4,707
40109,109,40,2013,27.64,0.56,0.92,25,2952
40109,109,40,2014,27.071428571428573,0.5,0.7857142857142857,14,2715
06111,111,06,2013,34.375,0.5625,0.875,16,2262
06111,111,06,2014,39.2,0.56,0.64,25,3530
12111,111,12,2013,55.888888888888886,0.5555555555555556,0.8888888888888888,9,1332
12111,111,12,2014,20.0,1.0,1.0,1,111
17111,111,17,2013,75.5,0.5,1.0,2,204
17111,111,17,2014,29.0,1.0,0.0,1,149
21111,111,21,2013,30.789473684210527,0.3684210526315789,0.6842105263157895,19,3799
21111,111,21,2014,25.857142857142858,0.5714285714285714,0.7142857142857143,21,3486
06113,113,06,2013,24.333333333333332,0.4722222222222222,0.75,36,4185
06113,113,06,2014,30.4375,0.5625,1.0,16,1617
12113,113,12,2014,26.5,0.0,1.0,2,358
17113,113,17,2013,27.25,0.5,1.0,8,975
17113,113,17,2014,30.0,0.0,1.0,1,198
19113,113,19,2013,30.0,0.0,1.0,1,58
19113,113,19,2014,23.8,0.6,1.0,5,897
39113,113,39,2013,25.375,0.625,1.0,8,879
39113,113,39,2014,25.75,0.75,1.0,4,245
48113,113,48,2013,31.31304347826087,0.591304347826087,0.7913043478260869,115,16623
48113,113,48,2014,28.376068376068375,0.452991452991453,0.5470085470085471,117,16292
12115,115,12,2013,44.333333333333336,0.4166666666666667,0.8333333333333334,12,875
12115,115,12,2014,65.11111111111111,0.4444444444444444,0.9444444444444444,18,1263
17115,115,17,2013,8.0,0.0,1.0,1,22
26115,115,26,2014,16.0,1.0,0.0,1,85
01117,117,01,2013,27.2,0.6,0.8,5,531
01117,117,01,2014,21.818181818181817,0.36363636363636365,0.2727272727272727,11,742
12117,117,12,2013,22.454545454545453,0.5454545454545454,0.9090909090909091,11,1314
12117,117,12,2014,39.583333333333336,0.9166666666666666,0.5,12,1679
13117,117,13,2013,62.0,0.0,1.0,1,77
13117,117,13,2014,50.0,0.625,1.0,8,704
21117,117,21,2013,20.333333333333332,0.6666666666666666,1.0,3,152
21117,117,21,2014,66.0,1.0,1.0,1,226
55117,117,55,2013,16.0,1.0,1.0,2,80
55117,117,55,2014,28.0,0.0,1.0,3,171
05119,119,05,2013,16.5,0.0,1.0,2,323
05119,119,05,2014,24.1,0.4,0.5,10,2826
17119,119,17,2013,17.333333333333332,0.6666666666666666,1.0,3,202
17119,119,17,2014,22.666666666666668,1.0,1.0,3,1060
37119,119,37,2013,31.62162162162162,0.3783783783783784,0.7837837837837838,37,2958
37119,119,37,2014,23.35,0.475,0.7,40,4658
26121,121,26,2013,16.5,1.0,1.0,2,64
26121,121,26,2014,40.5,1.0,1.0,2,403
48121,121,48,2013,27.057142857142857,0.4857142857142857,0.8857142857142857,35,3847
48121,121,48,2014,30.178571428571427,0.6785714285714286,0.8928571428571429,28,2597
27123,123,27,2013,32.611111111111114,0.4444444444444444,0.8888888888888888,18,3289
27123,123,27,2014,28.9,0.45,0.65,20,5079
26125,125,26,2013,37.459016393442624,0.5901639344262295,0.9836065573770492,61,8519
26125,125,26,2014,27.63768115942029,0.4782608695652174,0.9565217391304348,69,8430
18127,127,18,2013,47.0,1.0,1.0,1,105
18127,127,18,2014,33.0,0.0,0.0,1,127
55127,127,55,2013,17.5,0.5,1.0,4,904
55127,127,55,2014,16.5,1.0,1.0,2,165
42129,129,42,2013,17.0,0.0,1.0,1,73
42129,129,42,2014,24.0,0.0,0.0,1,15
39133,133,39,2013,21.59090909090909,0.2727272727272727,1.0,22,2310
39133,133,39,2014,23.333333333333332,0.16666666666666666,0.6666666666666666,6,669
42133,133,42,2013,25.333333333333332,0.0,0.3333333333333333,3,518
42133,133,42,2014,34.0,0.0,1.0,1,148
55133,133,55,2013,35.0,1.0,1.0,1,175
55133,133,55,2014,18.25,1.0,0.75,4,430
13135,135,13,2013,35.458333333333336,0.5833333333333334,0.6666666666666666,24,4486
13135,135,13,2014,37.03125,0.375,0.8125,32,3938
37135,135,37,2013,28.857142857142858,0.7142857142857143,0.7619047619047619,21,1889
37135,135,37,2014,27.545454545454547,0.45454545454545453,0.9090909090909091,22,2391
48135,135,48,2013,21.833333333333332,0.0,0.0,6,1550
48135,135,48,2014,37.5,0.5,0.0,2,220
13139,139,13,2013,26.25,0.625,0.375,8,1115
26139,139,26,2013,28.0,0.0,1.0,1,138
26139,139,26,2014,17.666666666666668,0.6666666666666666,1.0,3,244
39139,139,39,2013,58.0,0.0,1.0,1,167
48139,139,48,2013,23.5,0.5,0.0,2,130
48139,139,48,2014,22.0,0.0,0.0,4,1007
18141,141,18,2013,29.142857142857142,0.7142857142857143,0.6428571428571429,14,703
18141,141,18,2014,35.75,0.25,0.75,4,480
48141,141,48,2013,29.09433962264151,0.37735849056603776,0.20754716981132076,53,6352
48141,141,48,2014,36.51162790697674,0.4418604651162791,0.27906976744186046,43,5478
05143,143,05,2013,37.5,0.5,0.0,2,279
05143,143,05,2014,25.5,0.5,1.0,2,205
17143,143,17,2013,28.666666666666668,1.0,0.6666666666666666,3,208
17143,143,17,2014,27.0,1.0,1.0,1,41
26145,145,26,2013,20.0,0.0,1.0,1,98
26145,145,26,2014,22.0,0.4,0.8,5,953
27145,145,27,2013,19.0,0.5,1.0,2,63
27145,145,27,2014,22.5,0.8333333333333334,0.8333333333333334,6,662
26147,147,26,2013,16.0,0.0,1.0,1,73
26147,147,26,2014,69.0,0.0,1.0,1,103
37147,147,37,2013,27.0,0.5,1.0,2,240
47149,149,47,2013,41.25,1.0,1.0,4,393
47149,149,47,2014,32.6,0.2,0.6,5,1286
13151,151,13,2013,33.333333333333336,0.3333333333333333,1.0,3,506
31153,153,31,2013,36.0,0.0,1.0,1,101
31153,153,31,2014,22.5,0.5,1.0,2,430
39153,153,39,2013,30.65,0.45,1.0,20,1967
39153,153,39,2014,15.5,0.0,1.0,2,169
18157,157,18,2013,28.61904761904762,0.6190476190476191,0.9047619047619048,21,2249
18157,157,18,2014,23.541666666666668,0.375,0.9583333333333334,24,1630
47157,157,47,2013,26.666666666666668,0.7333333333333333,0.4666666666666667,15,1473
47157,157,47,2014,33.888888888888886,0.5555555555555556,0.6666666666666666,9,1002
48157,157,48,2013,35.6,0.4857142857142857,0.9428571428571428,35,6048
48157,157,48,2014,31.641509433962263,0.5283018867924528,0.7547169811320755,53,6734
17161,161,17,2013,48.5,0.5,0.5,2,302
17161,161,17,2014,18.0,1.0,1.0,1,11
26161,161,26,2013,25.466666666666665,0.4,0.8333333333333334,30,3403
26161,161,26,2014,28.21276595744681,0.48936170212765956,1.0,47,5240
18163,163,18,2013,22.0,0.0,1.0,2,93
18163,163,18,2014,18.0,0.0,1.0,1,26
19163,163,19,2013,18.333333333333332,0.6666666666666666,1.0,3,500
19163,163,19,2014,12.0,0.0,1.0,2,90
26163,163,26,2013,24.846153846153847,0.46153846153846156,0.9615384615384616,26,4897
26163,163,26,2014,33.38095238095238,0.42857142857142855,1.0,21,2527
27163,163,27,2013,21.0,1.0,1.0,1,383
27163,163,27,2014,23.0,0.6,1.0,5,1642
39165,165,39,2013,34.0,0.6,0.6,10,2442
39165,165,39,2014,27.75,0.75,0.5,4,465
47165,165,47,2013,43.0,0.5,1.0,2,348
17167,167,17,2013,33.0,0.0,1.0,1,56
17167,167,17,2014,23.5,0.0,1.0,8,607
18167,167,18,2013,32.333333333333336,0.6666666666666666,1.0,3,194
18167,167,18,2014,36.0,1.0,1.0,2,286
48167,167,48,2013,29.5,0.5,0.75,4,308
48167,167,48,2014,42.833333333333336,0.3333333333333333,0.3333333333333333,6,2014
39169,169,39,2013,20.5,1.0,1.0,2,85
39169,169,39,2014,23.5,1.0,1.0,2,189
27171,171,27,2013,17.0,0.0,1.0,1,21
47179,179,47,2014,26.0,1.0,1.0,1,78
29183,183,29,2013,57.5,0.75,1.0,4,603
29183,183,29,2014,32.6,0.8,1.0,5,687
37183,183,37,2013,34.266666666666666,0.4444444444444444,0.8,45,4100
37183,183,37,2014,28.974358974358974,0.5897435897435898,0.7692307692307693,39,5596
48183,183,48,2014,27.0,0.25,0.25,4,451
13185,185,13,2013,61.5,0.5,1.0,2,458
47187,187,47,2013,32.833333333333336,0.6666666666666666,0.8333333333333334,6,1215
47187,187,47,2014,16.0,0.0,1.0,1,500
48187,187,48,2013,54.333333333333336,0.6666666666666666,0.3333333333333333,3,257
48187,187,48,2014,46.8,0.6,1.0,5,330
29189,189,29,2013,29.047619047619047,0.5714285714285714,1.0,21,1699
29189,189,29,2014,34.23529411764706,0.6470588235294118,1.0,17,3121
47189,189,47,2013,4.0,1.0,1.0,1,132
47189,189,47,2014,62.5,0.5,1.0,2,144
37191,191,37,2013,48.666666666666664,0.6666666666666666,1.0,3,378
37191,191,37,2014,9.5,1.0,0.0,2,663
17197,197,17,2013,22.333333333333332,0.6666666666666666,1.0,3,694
17197,197,17,2014,33.25,0.5,0.25,4,534
48201,201,48,2013,31.818897637795274,0.47244094488188976,0.6929133858267716,254,32910
48201,201,48,2014,30.79020979020979,0.4965034965034965,0.6678321678321678,286,45129
20209,209,20,2013,50.333333333333336,0.3333333333333333,0.0,3,221
20209,209,20,2014,23.5,0.5,0.5,2,252
48209,209,48,2013,18.5,0.0,0.0,2,206
48209,209,48,2014,32.2,0.6,0.4,5,988
48215,215,48,2013,29.576923076923077,0.5,0.23076923076923078,26,4601
48215,215,48,2014,42.645161290322584,0.41935483870967744,0.2903225806451613,31,3247
21227,227,21,2013,23.90909090909091,0.6363636363636364,0.7272727272727273,11,990
21227,227,21,2014,20.0,0.6666666666666666,0.3333333333333333,3,249
13245,245,13,2014,25.0,0.0,1.0,2,173
48245,245,48,2013,22.5,0.5,0.5,2,56
48245,245,48,2014,25.875,0.75,0.75,8,410
48251,251,48,2013,18.0,1.0,1.0,1,41
48257,257,48,2013,92.0,1.0,1.0,1,144
48257,257,48,2014,48.5,1.0,1.0,2,233
48303,303,48,2013,26.0,0.45454545454545453,0.9090909090909091,11,996
48303,303,48,2014,25.75,0.75,1.0,4,387
48309,309,48,2013,30.666666666666668,0.3333333333333333,0.3333333333333333,3,214
48309,309,48,2014,29.0,0.0,0.0,1,58
13313,313,13,2013,27.666666666666668,0.6666666666666666,0.6666666666666666,3,204
48329,329,48,2013,22.0,0.0,0.0,1,120
48329,329,48,2014,34.0,0.75,0.5,4,853
48339,339,48,2013,31.964285714285715,0.4642857142857143,0.5,28,4722
48339,339,48,2014,33.5,0.5714285714285714,0.5,14,1907
48355,355,48,2013,26.0,0.42105263157894735,0.3684210526315789,19,848
48355,355,48,2014,32.0,0.5,0.0,2,274
48367,367,48,2013,40.0,0.0,0.0,1,94
48375,375,48,2013,30.0,0.3333333333333333,0.0,3,282
48375,375,48,2014,38.84615384615385,0.5384615384615384,0.7692307692307693,13,1788
48381,381,48,2013,20.0,0.5,1.0,2,137
48381,381,48,2014,25.0,1.0,1.0,1,81
48423,423,48,2014,38.25,0.75,0.5,4,452
48439,439,48,2013,28.452380952380953,0.47619047619047616,0.5238095238095238,42,6475
48439,439,48,2014,29.5531914893617,0.44680851063829785,0.6595744680851063,47,7249
48441,441,48,2013,26.5,0.5,0.0,2,118
48441,441,48,2014,16.8,0.6,1.0,5,1153
48451,451,48,2014,15.666666666666666,0.6666666666666666,0.0,6,1092
48453,453,48,2013,28.90625,0.546875,0.734375,64,7831
48453,453,48,2014,26.85333333333333,0.4533333333333333,0.6,75,10168
48479,479,48,2013,33.666666666666664,0.38095238095238093,0.0,21,1094
48479,479,48,2014,33.18604651162791,0.32558139534883723,0.06976744186046512,43,2954
48485,485,48,2013,21.0,0.0,1.0,3,144
48485,485,48,2014,22.5,0.5,1.0,4,646
48491,491,48,2013,40.833333333333336,0.5,1.0,6,931
48491,491,48,2014,26.94736842105263,0.7368421052631579,0.6842105263157895,19,2000
24510,510,24,2013,31.27777777777778,0.5,0.7777777777777778,18,3004
24510,510,24,2014,25.833333333333332,0.4666666666666667,0.7666666666666667,30,2910
29510,510,29,2013,29.0,0.5555555555555556,1.0,9,1002
29510,510,29,2014,23.2,0.4,1.0,5,381
51510,510,51,2013,30.857142857142858,0.5714285714285714,0.8571428571428571,14,3336
51510,510,51,2014,25.53125,0.53125,0.90625,32,5611
51550,550,51,2013,29.142857142857142,0.5714285714285714,1.0,7,603
51650,650,51,2013,23.0,1.0,1.0,1,70
51650,650,51,2014,24.5,0.5,1.0,2,338
51700,700,51,2013,38.0,1.0,1.0,1,124
51700,700,51,2014,29.5,0.5,0.75,4,558
51760,760,51,2014,44.0,0.5,0.75,4,490
51810,810,51,2013,38.57142857142857,0.6428571428571429,1.0,14,1364
51810,810,51,2014,30.0,0.6666666666666666,1.0,3,197
